HOST_NO,COUNT,LAST_ACTIVE_TIME,IP ADDRESS
50238,1,1532659410,0.0.196.62
52543,1,1532659410,0.0.205.63
57251,1,1532659410,0.0.223.163
56835,1,1532659410,0.0.222.3
120257,1,1532659410,0.1.213.193
266570,1,1532659410,0.4.17.74
367243,1,1532659410,0.5.154.139
377703,1,1532659410,0.5.195.103
374260,1,1532659410,0.5.181.244
405808,1,1532659410,0.6.49.48
470550,1,1532659410,0.7.46.22
540670,1,1532659410,0.8.63.254
540959,1,1532659410,0.8.65.31
633067,1,1532659410,0.9.168.235
673409,1,1532659410,0.10.70.129
710746,1,1532659410,0.10.216.90
789625,1,1532659410,0.12.12.121
953794,1,1532659410,0.14.141.194
980497,1,1532659410,0.14.246.17
979968,1,1532659410,0.14.244.0
967208,1,1532659410,0.14.194.40
974499,1,1532659410,0.14.222.163
1028067,1,1532659410,0.15.175.227
1025208,1,1532659410,0.15.164.184
1022808,1,1532659410,0.15.155.88
1077383,1,1532659410,0.16.112.135
1057489,1,1532659410,0.16.34.209
1067179,1,1532659410,0.16.72.171
1126321,1,1532659410,0.17.47.177
1213325,1,1532659410,0.18.131.141
1277486,1,1532659410,0.19.126.46
1247105,1,1532659410,0.19.7.129
1272359,1,1532659410,0.19.106.39
1277463,1,1532659410,0.19.126.23
1335911,1,1532659410,0.20.98.103
1404245,1,1532659410,0.21.109.85
1491243,1,1532659410,0.22.193.43
1455366,1,1532659410,0.22.53.6
1535949,1,1532659410,0.23.111.205
1626875,1,1532659410,0.24.210.251
1593220,1,1532659410,0.24.79.132
1674204,1,1532659410,0.25.139.220
1763154,1,1532659410,0.26.231.82
1726946,1,1532659410,0.26.89.226
1826586,1,1532659410,0.27.223.26
1802582,1,1532659410,0.27.129.86
1872041,1,1532659410,0.28.144.169
1918331,1,1532659410,0.29.69.123
1907697,1,1532659410,0.29.27.241
2002425,1,1532659410,0.30.141.249
2064671,1,1532659410,0.31.129.31
2088437,1,1532659410,0.31.221.245
2107570,1,1532659410,0.32.40.178
2289345,1,1532659410,0.34.238.193
2332474,1,1532659410,0.35.151.58
2353979,1,1532659410,0.35.235.59
2315274,1,1532659410,0.35.84.10
2391645,1,1532659410,0.36.126.93
2372525,1,1532659410,0.36.51.173
2513377,1,1532659410,0.38.89.225
2502471,1,1532659410,0.38.47.71
2516071,1,1532659410,0.38.100.103
2501823,1,1532659410,0.38.44.191
2535189,1,1532659410,0.38.175.21
2583324,1,1532659410,0.39.107.28
2590968,1,1532659410,0.39.136.248
2579773,1,1532659410,0.39.93.61
2635176,1,1532659410,0.40.53.168
2655910,1,1532659410,0.40.134.166
2689251,1,1532659410,0.41.8.227
2703848,1,1532659410,0.41.65.232
2808949,1,1532659410,0.42.220.117
2800131,1,1532659410,0.42.186.3
2920216,1,1532659410,0.44.143.24
2912061,1,1532659410,0.44.111.61
2886361,1,1532659410,0.44.10.217
2894196,1,1532659410,0.44.41.116
2980639,1,1532659410,0.45.123.31
3030876,1,1532659410,0.46.63.92
3070581,1,1532659410,0.46.218.117
3057675,1,1532659410,0.46.168.11
3130632,1,1532659410,0.47.197.8
3124142,1,1532659410,0.47.171.174
3090827,1,1532659410,0.47.41.139
3084467,1,1532659410,0.47.16.179
3147743,1,1532659410,0.48.7.223
3159800,1,1532659410,0.48.54.248
3253686,1,1532659410,0.49.165.182
3224102,1,1532659410,0.49.50.38
3212443,1,1532659410,0.49.4.155
3267126,1,1532659410,0.49.218.54
3369816,1,1532659410,0.51.107.88
3523146,1,1532659410,0.53.194.74
3593624,1,1532659410,0.54.213.152
3690620,1,1532659410,0.56.80.124
3702923,1,1532659410,0.56.128.139
3784777,1,1532659410,0.57.192.73
3753925,1,1532659410,0.57.71.197
3873363,1,1532659410,0.59.26.83
3869234,1,1532659410,0.59.10.50
4053868,1,1532659410,0.61.219.108
4122806,1,1532659410,0.62.232.182
4085089,1,1532659410,0.62.85.97
4178823,1,1532659410,0.63.195.135
4161386,1,1532659410,0.63.127.106
4180175,1,1532659410,0.63.200.207
4171517,1,1532659410,0.63.166.253
4216598,1,1532659410,0.64.87.22
4304194,1,1532659410,0.65.173.66
4394815,1,1532659410,0.67.15.63
4393316,1,1532659410,0.67.9.100
4507164,1,1532659410,0.68.198.28
4483653,1,1532659410,0.68.106.69
4515373,1,1532659410,0.68.230.45
4550505,1,1532659410,0.69.111.105
4560012,1,1532659410,0.69.148.140
4525946,1,1532659410,0.69.15.122
4603564,1,1532659410,0.70.62.172
4595151,1,1532659410,0.70.29.207
4594162,1,1532659410,0.70.25.242
4646704,1,1532659410,0.70.231.48
4703909,1,1532659410,0.71.198.165
4839317,1,1532659410,0.73.215.149
4853330,1,1532659410,0.74.14.82
4923322,1,1532659410,0.75.31.186
5016346,1,1532659410,0.76.139.26
5038979,1,1532659410,0.76.227.131
5090037,1,1532659410,0.77.170.245
5103336,1,1532659410,0.77.222.232
5067749,1,1532659410,0.77.83.229
5149985,1,1532659410,0.78.149.33
5152219,1,1532659410,0.78.157.219
5217258,1,1532659410,0.79.155.234
5207749,1,1532659410,0.79.118.197
5197349,1,1532659410,0.79.78.37
5183115,1,1532659410,0.79.22.139
5189885,1,1532659410,0.79.48.253
5244370,1,1532659410,0.80.5.210
5303754,1,1532659410,0.80.237.202
5419206,1,1532659410,0.82.176.198
5468241,1,1532659410,0.83.112.81
5473168,1,1532659410,0.83.131.144
5517754,1,1532659410,0.84.49.186
5557344,1,1532659410,0.84.204.96
5600644,1,1532659410,0.85.117.132
5601312,1,1532659410,0.85.120.32
5686560,1,1532659410,0.86.197.32
5670340,1,1532659410,0.86.133.196
5678324,1,1532659410,0.86.164.244
5783499,1,1532659410,0.88.63.203
5782918,1,1532659410,0.88.61.134
5783683,1,1532659410,0.88.64.131
5881027,1,1532659410,0.89.188.195
5883844,1,1532659410,0.89.199.196
5925527,1,1532659410,0.90.106.151
5922687,1,1532659410,0.90.95.127
6015377,1,1532659410,0.91.201.145
5986481,1,1532659410,0.91.88.177
6088153,1,1532659410,0.92.229.217
6157737,1,1532659410,0.93.245.169
6143204,1,1532659410,0.93.188.228
6180719,1,1532659410,0.94.79.111
6196784,1,1532659410,0.94.142.48
6266031,1,1532659410,0.95.156.175
6321753,1,1532659410,0.96.118.89
6303885,1,1532659410,0.96.48.141
6305569,1,1532659410,0.96.55.33
6485901,1,1532659410,0.98.247.141
6431486,1,1532659410,0.98.34.254
6488757,1,1532659405,0.99.2.181
6499402,1,1532659410,0.99.44.74
6615175,1,1532659410,0.100.240.135
6575949,1,1532659410,0.100.87.77
6601159,1,1532659410,0.100.185.199
6635624,1,1532659410,0.101.64.104
6619468,1,1532659410,0.101.1.76
6747354,1,1532659410,0.102.244.218
6705086,1,1532659410,0.102.79.190
6790186,1,1532659410,0.103.156.42
6806172,1,1532659410,0.103.218.156
6798899,1,1532659410,0.103.190.51
6794543,1,1532659410,0.103.173.47
6779044,1,1532659410,0.103.112.164
6944117,1,1532659410,0.105.245.117
6934676,1,1532659410,0.105.208.148
6964045,1,1532659410,0.106.67.77
7059901,1,1532659410,0.107.185.189
7142024,1,1532659410,0.108.250.136
7259467,1,1532659410,0.110.197.75
7247697,1,1532659410,0.110.151.81
7500759,1,1532659410,0.114.115.215
7581739,1,1532659410,0.115.176.43
7575393,1,1532659410,0.115.151.97
7650321,1,1532659410,0.116.188.17
7637735,1,1532659410,0.116.138.231
7674646,1,1532659410,0.117.27.22
7822848,1,1532659410,0.119.94.0
7803803,1,1532659410,0.119.19.155
7822609,1,1532659410,0.119.93.17
7859393,1,1532659410,0.119.236.193
7890487,1,1532659410,0.120.102.55
7893478,1,1532659410,0.120.113.230
7896627,1,1532659410,0.120.126.51
7989494,1,1532659410,0.121.232.246
7993680,1,1532659410,0.121.249.80
8009505,1,1532659410,0.122.55.33
8116171,1,1532659410,0.123.215.203
8070200,1,1532659410,0.123.36.56
8060997,1,1532659410,0.123.0.69
8120455,1,1532659410,0.123.232.135
8174942,1,1532659410,0.124.189.94
8220855,1,1532659410,0.125.112.183
8205280,1,1532659410,0.125.51.224
8231265,1,1532659410,0.125.153.97
8362569,1,1532659410,0.127.154.73
8336868,1,1532659410,0.127.53.228
8336713,1,1532659410,0.127.53.73
8411808,1,1532659410,0.128.90.160
8482872,1,1532659410,0.129.112.56
8494229,1,1532659410,0.129.156.149
8533117,1,1532659410,0.130.52.125
8575712,1,1532659410,0.130.218.224
8711503,1,1532659410,0.132.237.79
8712567,1,1532659410,0.132.241.119
8906620,1,1532659410,0.135.231.124
8914084,1,1532659410,0.136.4.164
8991386,1,1532659410,0.137.50.154
9043665,1,1532659410,0.137.254.209
9017128,1,1532659410,0.137.151.40
9054139,1,1532659410,0.138.39.187
9143507,1,1532659410,0.139.132.211
9178979,1,1532659410,0.140.15.99
9243640,1,1532659410,0.141.11.248
9284346,1,1532659410,0.141.170.250
9367176,1,1532659410,0.142.238.136
9412037,1,1532659410,0.143.157.197
9393764,1,1532659410,0.143.86.100
9472395,1,1532659410,0.144.137.139
9463368,1,1532659410,0.144.102.72
9459050,1,1532659410,0.144.85.106
9586900,1,1532659410,0.146.72.212
9795912,1,1532659410,0.149.121.72
9828257,1,1532659410,0.149.247.161
9857639,1,1532659410,0.150.106.103
